"dot(grad,param)",epoch,grad_norm,learning_rate,param_size,step,step_size,train/accuracy_step,train/loss
0.8115688562393188,0,25.662973403930664,0.24314889311790466,26.300683975219727,0,6.239923477172852,0.1315358281135559,2.735569477081299
